ID,Pred
2022_1103_1104,0.256365
2022_1103_1112,0.029954849
2022_1103_1116,0.022132093
2022_1103_1120,0.02572465
2022_1103_1124,0.01974403
2022_1103_1129,0.40114063
2022_1103_1136,0.9909249
2022_1103_1151,0.25871074
2022_1103_1159,0.80070597
2022_1103_1161,0.13166922
2022_1103_1163,0.012990018
2022_1103_1166,0.4805674
2022_1103_1168,0.7932856
2022_1103_1172,0.0092905685
2022_1103_1174,0.4388002
2022_1103_1181,0.016023332
2022_1103_1209,0.9860145
2022_1103_1211,0.16155747
2022_1103_1222,0.23248456
2022_1103_1228,0.016619274
2022_1103_1231,0.03926044
2022_1103_1234,0.015514446
2022_1103_1235,0.26176068
2022_1103_1240,0.9470276
2022_1103_1242,0.014292432
2022_1103_1246,0.083921865
2022_1103_1255,0.24253812
2022_1103_1260,0.015743969
2022_1103_1261,0.12535262
2022_1103_1266,0.27269176
2022_1103_1272,0.0097818365
2022_1103_1274,0.62577945
2022_1103_1276,0.28953886
2022_1103_1277,0.123074025
2022_1103_1286,0.37982246
2022_1103_1293,0.17879933
2022_1103_1308,0.5267491
2022_1103_1313,0.8758764
2022_1103_1314,0.00451803
2022_1103_1323,0.0057648136
2022_1103_1326,0.004270993
2022_1103_1344,0.016511818
2022_1103_1345,0.24630749
2022_1103_1350,0.47068697
2022_1103_1353,0.6336873
2022_1103_1355,0.47669822
2022_1103_1361,0.37382773
2022_1103_1362,0.07252767
2022_1103_1371,0.02045911
2022_1103_1388,0.0718895
2022_1103_1389,0.5258756
2022_1103_1394,0.8029832
2022_1103_1395,0.5651785
2022_1103_1397,0.06292017
2022_1103_1400,0.16288354
2022_1103_1403,0.020256668
2022_1103_1411,0.9976309
2022_1103_1412,0.05501
2022_1103_1417,0.060508244
2022_1103_1425,0.3352602
2022_1103_1436,0.14997444
2022_1103_1437,0.038019545
2022_1103_1439,0.05809523
2022_1103_1458,0.06878545
2022_1103_1460,0.84830946
2022_1103_1461,0.4084344
2022_1103_1463,0.6929254
2022_1104_1112,0.27050856
2022_1104_1116,0.41430402
2022_1104_1120,0.11821365
2022_1104_1124,0.8129757
2022_1104_1129,0.689799
2022_1104_1136,0.9343265
2022_1104_1151,0.8851952
2022_1104_1159,0.755053
2022_1104_1161,0.7500592
2022_1104_1163,0.25430048
2022_1104_1166,0.94742775
2022_1104_1168,0.98742115
2022_1104_1172,0.8605766
2022_1104_1174,0.98709255
2022_1104_1181,0.28432077
2022_1104_1209,0.9923898
2022_1104_1211,0.030652978
2022_1104_1222,0.34869704
2022_1104_1228,0.120088294
2022_1104_1231,0.03908556
2022_1104_1234,0.6279023
2022_1104_1235,0.9021225
2022_1104_1240,0.8889922
2022_1104_1242,0.109705225
2022_1104_1246,0.39932793
2022_1104_1255,0.9598964
2022_1104_1260,0.93036854
2022_1104_1261,0.3224877
2022_1104_1266,0.6228913
2022_1104_1272,0.3518534
2022_1104_1274,0.69664425
2022_1104_1276,0.37614226
2022_1104_1277,0.43902084
2022_1104_1286,0.9797366
2022_1104_1293,0.89571655
2022_1104_1308,0.88856614
2022_1104_1313,0.95481676
2022_1104_1314,0.059458822
2022_1104_1323,0.16658041
2022_1104_1326,0.6711448
2022_1104_1344,0.63469183
2022_1104_1345,0.150085
2022_1104_1350,0.96120536
2022_1104_1353,0.9648477
2022_1104_1355,0.7910365
2022_1104_1361,0.22687948
2022_1104_1362,0.5078513
2022_1104_1371,0.6314423
2022_1104_1388,0.73571175
2022_1104_1389,0.9956354
2022_1104_1394,0.9870821
2022_1104_1395,0.8038107
2022_1104_1397,0.37502167
2022_1104_1400,0.30823678
2022_1104_1403,0.33176386
2022_1104_1411,0.9927786
2022_1104_1412,0.96304494
2022_1104_1417,0.37799424
2022_1104_1425,0.83212584
2022_1104_1436,0.7680849
2022_1104_1437,0.45408243
2022_1104_1439,0.23745401
2022_1104_1458,0.5966474
2022_1104_1460,0.99221504
2022_1104_1461,0.7854877
2022_1104_1463,0.99763936
2022_1112_1116,0.7294686
2022_1112_1120,0.60103023
2022_1112_1124,0.8067106
2022_1112_1129,0.74971384
2022_1112_1136,0.91076785
2022_1112_1151,0.9716752
2022_1112_1159,0.9687627
2022_1112_1161,0.34201112
2022_1112_1163,0.5915779
2022_1112_1166,0.73139614
2022_1112_1168,0.90599453
2022_1112_1172,0.36061713
2022_1112_1174,0.88728905
2022_1112_1181,0.7587716
2022_1112_1209,0.95404553
2022_1112_1211,0.0102436915
2022_1112_1222,0.79606646
2022_1112_1228,0.80898637
2022_1112_1231,0.60274416
2022_1112_1234,0.7361147
2022_1112_1235,0.9101635
2022_1112_1240,0.83559954
2022_1112_1242,0.50179464
2022_1112_1246,0.97881645
2022_1112_1255,0.97396064
2022_1112_1260,0.5236184
2022_1112_1261,0.8847965
2022_1112_1266,0.78014034
2022_1112_1272,0.7253334
2022_1112_1274,0.49947134
2022_1112_1276,0.7169553
2022_1112_1277,0.6655115
2022_1112_1286,0.97445315
2022_1112_1293,0.9469647
2022_1112_1308,0.9772471
2022_1112_1313,0.97379506
2022_1112_1314,0.42575312
2022_1112_1323,0.5982714
2022_1112_1326,0.5884331
2022_1112_1344,0.58564186
2022_1112_1345,0.8253758
2022_1112_1350,0.91513985
2022_1112_1353,0.62308365
2022_1112_1355,0.97434926
2022_1112_1361,0.5753296
2022_1112_1362,0.50733835
2022_1112_1371,0.7186249
2022_1112_1388,0.83844477
2022_1112_1389,0.8786018
2022_1112_1394,0.92164654
2022_1112_1395,0.78014034
2022_1112_1397,0.84201175
2022_1112_1400,0.786317
2022_1112_1403,0.29927224
2022_1112_1411,0.9120997
2022_1112_1412,0.9050647
2022_1112_1417,0.9501995
2022_1112_1425,0.82642627
2022_1112_1436,0.97913647
2022_1112_1437,0.80398726
2022_1112_1439,0.7031457
2022_1112_1458,0.6601733
2022_1112_1460,0.9417214
2022_1112_1461,0.88943565
2022_1112_1463,0.9446396
2022_1116_1120,0.28440687
2022_1116_1124,0.05483904
2022_1116_1129,0.9431911
2022_1116_1136,0.9918845
2022_1116_1151,0.9774471
2022_1116_1159,0.96358013
2022_1116_1161,0.98239154
2022_1116_1163,0.6785487
2022_1116_1166,0.41101593
2022_1116_1168,0.9875467
2022_1116_1172,0.9504765
2022_1116_1174,0.9902389
2022_1116_1181,0.4234938
2022_1116_1209,0.85175616
2022_1116_1211,0.38299388
2022_1116_1222,0.54119205
2022_1116_1228,0.78794295
2022_1116_1231,0.6421968
2022_1116_1234,0.3635787
2022_1116_1235,0.9267881
2022_1116_1240,0.9905201
2022_1116_1242,0.23251404
2022_1116_1246,0.22983938
2022_1116_1255,0.9973555
2022_1116_1260,0.27231348
2022_1116_1261,0.6044575
2022_1116_1266,0.57308984
2022_1116_1272,0.28506485
2022_1116_1274,0.7874165
2022_1116_1276,0.21329302
2022_1116_1277,0.9864739
2022_1116_1286,0.99464065
2022_1116_1293,0.861343
2022_1116_1308,0.9974867
2022_1116_1313,0.9974653
2022_1116_1314,0.5678821
2022_1116_1323,0.352604
2022_1116_1326,0.96417785
2022_1116_1344,0.8677821
2022_1116_1345,0.49217245
2022_1116_1350,0.75923264
2022_1116_1353,0.62593544
2022_1116_1355,0.093394965
2022_1116_1361,0.9826963
2022_1116_1362,0.80340064
2022_1116_1371,0.667788
2022_1116_1388,0.366618
2022_1116_1389,0.93228984
2022_1116_1394,0.98904026
2022_1116_1395,0.86595774
2022_1116_1397,0.35830715
2022_1116_1400,0.79190826
2022_1116_1403,0.46937352
2022_1116_1411,0.91452694
2022_1116_1412,0.78560996
2022_1116_1417,0.09015189
2022_1116_1425,0.90630627
2022_1116_1436,0.42082655
2022_1116_1437,0.19363892
2022_1116_1439,0.60713524
2022_1116_1458,0.6281912
2022_1116_1460,0.8832149
2022_1116_1461,0.99822384
2022_1116_1463,0.91186213
2022_1120_1124,0.31953692
2022_1120_1129,0.8034808
2022_1120_1136,0.731838
2022_1120_1151,0.98569196
2022_1120_1159,0.9532099
2022_1120_1161,0.98256963
2022_1120_1163,0.84868973
2022_1120_1166,0.73154044
2022_1120_1168,0.9143135
2022_1120_1172,0.96558934
2022_1120_1174,0.97167695
2022_1120_1181,0.46866977
2022_1120_1209,0.96964896
2022_1120_1211,0.06734769
2022_1120_1222,0.4242781
2022_1120_1228,0.93307406
2022_1120_1231,0.4497677
2022_1120_1234,0.79022545
2022_1120_1235,0.6930753
2022_1120_1240,0.91844386
2022_1120_1242,0.93697894
2022_1120_1246,0.56433433
2022_1120_1255,0.987502
2022_1120_1260,0.9367292
2022_1120_1261,0.6484639
2022_1120_1266,0.8660071
2022_1120_1272,0.70987314
2022_1120_1274,0.6923772
2022_1120_1276,0.52212167
2022_1120_1277,0.79152125
2022_1120_1286,0.9854743
2022_1120_1293,0.5857252
2022_1120_1308,0.98957705
2022_1120_1313,0.9379293
2022_1120_1314,0.9621594
2022_1120_1323,0.49665648
2022_1120_1326,0.80365455
2022_1120_1344,0.9944265
2022_1120_1345,0.84569997
2022_1120_1350,0.50920105
2022_1120_1353,0.43758845
2022_1120_1355,0.99297124
2022_1120_1361,0.96254945
2022_1120_1362,0.9848953
2022_1120_1371,0.6024903
2022_1120_1388,0.919174
2022_1120_1389,0.9754801
2022_1120_1394,0.9713012
2022_1120_1395,0.87626696
2022_1120_1397,0.8089626
2022_1120_1400,0.23656309
2022_1120_1403,0.92426693
2022_1120_1411,0.9754801
2022_1120_1412,0.93324465
2022_1120_1417,0.828138
2022_1120_1425,0.82947826
2022_1120_1436,0.43260795
2022_1120_1437,0.62684345
2022_1120_1439,0.25183645
2022_1120_1458,0.81165886
2022_1120_1460,0.97461414
2022_1120_1461,0.778872
2022_1120_1463,0.9687627
2022_1124_1129,0.94185925
2022_1124_1136,0.97396064
2022_1124_1151,0.90231085
2022_1124_1159,0.88418055
2022_1124_1161,0.92686635
2022_1124_1163,0.67137283
2022_1124_1166,0.3932243
2022_1124_1168,0.792709
2022_1124_1172,0.8847145
2022_1124_1174,0.8989244
2022_1124_1181,0.10978978
2022_1124_1209,0.969022
2022_1124_1211,0.33793768
2022_1124_1222,0.11130417
2022_1124_1228,0.97934604
2022_1124_1231,0.5592842
2022_1124_1234,0.41008702
2022_1124_1235,0.19421645
2022_1124_1240,0.85090786
2022_1124_1242,0.3409314
2022_1124_1246,0.017533625
2022_1124_1255,0.98794794
2022_1124_1260,0.42537376
2022_1124_1261,0.42295697
2022_1124_1266,0.5596127
2022_1124_1272,0.6917881
2022_1124_1274,0.7282898
2022_1124_1276,0.101295486
2022_1124_1277,0.42603716
2022_1124_1286,0.9744737
2022_1124_1293,0.87141937
2022_1124_1308,0.97758126
2022_1124_1313,0.9738102
2022_1124_1314,0.4055802
2022_1124_1323,0.74428535
2022_1124_1326,0.56652933
2022_1124_1344,0.8411126
2022_1124_1345,0.72609335
2022_1124_1350,0.2765057
2022_1124_1353,0.5689116
2022_1124_1355,0.94023705
2022_1124_1361,0.6989154
2022_1124_1362,0.4367258
2022_1124_1371,0.67643404
2022_1124_1388,0.60617965
2022_1124_1389,0.91289896
2022_1124_1394,0.90145564
2022_1124_1395,0.40476254
2022_1124_1397,0.48748678
2022_1124_1400,0.53254795
2022_1124_1403,0.53622365
2022_1124_1411,0.9713012
2022_1124_1412,0.8172914
2022_1124_1417,0.7977687
2022_1124_1425,0.85514903
2022_1124_1436,0.86501074
2022_1124_1437,0.544869
2022_1124_1439,0.38616684
2022_1124_1458,0.6342628
2022_1124_1460,0.9691271
2022_1124_1461,0.8837502
2022_1124_1463,0.90810764
2022_1129_1136,0.8688077
2022_1129_1151,0.9485769
2022_1129_1159,0.99327034
2022_1129_1161,0.44955617
2022_1129_1163,0.1854752
2022_1129_1166,0.99331963
2022_1129_1168,0.986513
2022_1129_1172,0.52333397
2022_1129_1174,0.7186501
2022_1129_1181,0.11826644
2022_1129_1209,0.54026365
2022_1129_1211,0.15724178
2022_1129_1222,0.18406285
2022_1129_1228,0.061111875
2022_1129_1231,0.09983881
2022_1129_1234,0.009710487
2022_1129_1235,0.8308019
2022_1129_1240,0.9543074
2022_1129_1242,0.30139244
2022_1129_1246,0.017580632
2022_1129_1255,0.99754184
2022_1129_1260,0.40609884
2022_1129_1261,0.9367856
2022_1129_1266,0.7166002
2022_1129_1272,0.90052676
2022_1129_1274,0.78773546
2022_1129_1276,0.502908
2022_1129_1277,0.7717427
2022_1129_1286,0.9982153
2022_1129_1293,0.544282
2022_1129_1308,0.90069073
2022_1129_1313,0.99812794
2022_1129_1314,0.6877589
2022_1129_1323,0.9761825
2022_1129_1326,0.83240414
2022_1129_1344,0.08169679
2022_1129_1345,0.036908973
2022_1129_1350,0.95707816
2022_1129_1353,0.6220006
2022_1129_1355,0.13214578
2022_1129_1361,0.46030885
2022_1129_1362,0.60606897
2022_1129_1371,0.9585838
2022_1129_1388,0.11681357
2022_1129_1389,0.8814551
2022_1129_1394,0.94664675
2022_1129_1395,0.7533175
2022_1129_1397,0.08476068
2022_1129_1400,0.30350718
2022_1129_1403,0.17033952
2022_1129_1411,0.97180986
2022_1129_1412,0.8537451
2022_1129_1417,0.11736338
2022_1129_1425,0.8363545
2022_1129_1436,0.272036
2022_1129_1437,0.0276824
2022_1129_1439,0.85592
2022_1129_1458,0.7961968
2022_1129_1460,0.6385064
2022_1129_1461,0.6899914
2022_1129_1463,0.91681516
2022_1136_1151,0.2873192
2022_1136_1159,0.22584698
2022_1136_1161,0.012673266
2022_1136_1163,0.016204309
2022_1136_1166,0.0047312006
2022_1136_1168,0.6115373
2022_1136_1172,0.017732965
2022_1136_1174,0.5680444
2022_1136_1181,0.032786682
2022_1136_1209,0.93377
2022_1136_1211,0.12380239
2022_1136_1222,0.4756726
2022_1136_1228,0.0094653955
2022_1136_1231,0.017482553
2022_1136_1234,0.038316354
2022_1136_1235,0.0063666953
2022_1136_1240,0.26821807
2022_1136_1242,0.021222807
2022_1136_1246,0.22566685
2022_1136_1255,0.26516965
2022_1136_1260,0.088438205
2022_1136_1261,0.024884459
2022_1136_1266,0.008082035
2022_1136_1272,0.031035518
2022_1136_1274,0.01014481
2022_1136_1276,0.014778332
2022_1136_1277,0.008477309
2022_1136_1286,0.2784009
2022_1136_1293,0.35781974
2022_1136_1308,0.2067297
2022_1136_1313,0.16600832
2022_1136_1314,0.005366007
2022_1136_1323,0.010420583
2022_1136_1326,0.009527481
2022_1136_1344,0.018748295
2022_1136_1345,0.16733034
2022_1136_1350,0.0046074437
2022_1136_1353,0.1663084
2022_1136_1355,0.05481754
2022_1136_1361,0.01573028
2022_1136_1362,0.009724795
2022_1136_1371,0.0015714732
2022_1136_1388,0.05121522
2022_1136_1389,0.26924032
2022_1136_1394,0.9238233
2022_1136_1395,0.007509019
2022_1136_1397,0.27053374
2022_1136_1400,0.023311919
2022_1136_1403,0.039549116
2022_1136_1411,0.72580516
2022_1136_1412,0.5292607
2022_1136_1417,0.20277083
2022_1136_1425,0.09687273
2022_1136_1436,0.40362364
2022_1136_1437,0.23588648
2022_1136_1439,0.017061837
2022_1136_1458,0.013528441
2022_1136_1460,0.4460426
2022_1136_1461,0.056924548
2022_1136_1463,0.58138925
2022_1151_1159,0.8243273
2022_1151_1161,0.527009
2022_1151_1163,0.017408906
2022_1151_1166,0.91751516
2022_1151_1168,0.9882947
2022_1151_1172,0.14254862
2022_1151_1174,0.91392845
2022_1151_1181,0.009931197
2022_1151_1209,0.7224755
2022_1151_1211,0.11648306
2022_1151_1222,0.06617649
2022_1151_1228,0.014497329
2022_1151_1231,0.119123995
2022_1151_1234,0.013876685
2022_1151_1235,0.7428531
2022_1151_1240,0.9966217
2022_1151_1242,0.010046756
2022_1151_1246,0.019886393
2022_1151_1255,0.9710233
2022_1151_1260,0.1904025
2022_1151_1261,0.2521355
2022_1151_1266,0.48871303
2022_1151_1272,0.039616726
2022_1151_1274,0.4154763
2022_1151_1276,0.20479976
2022_1151_1277,0.8290286
2022_1151_1286,0.985327
2022_1151_1293,0.7548749
2022_1151_1308,0.61619383
2022_1151_1313,0.9979017
2022_1151_1314,0.29405096
2022_1151_1323,0.72885513
2022_1151_1326,0.423605
2022_1151_1344,0.22845452
2022_1151_1345,0.0146300625
2022_1151_1350,0.9832977
2022_1151_1353,0.37184387
2022_1151_1355,0.09039675
2022_1151_1361,0.06486334
2022_1151_1362,0.19923842
2022_1151_1371,0.9014994
2022_1151_1388,0.018766936
2022_1151_1389,0.8956931
2022_1151_1394,0.9671514
2022_1151_1395,0.5566863
2022_1151_1397,0.015038759
2022_1151_1400,0.073526725
2022_1151_1403,0.047999702
2022_1151_1411,0.7272561
2022_1151_1412,0.33589154
2022_1151_1417,0.012190346
2022_1151_1425,0.28134125
2022_1151_1436,0.11905619
2022_1151_1437,0.00289514
2022_1151_1439,0.037872545
2022_1151_1458,0.68360645
2022_1151_1460,0.91996586
2022_1151_1461,0.72521126
2022_1151_1463,0.8656636
2022_1159_1161,0.045803495
2022_1159_1163,0.017988056
2022_1159_1166,0.23844115
2022_1159_1168,0.94704366
2022_1159_1172,0.05649065
2022_1159_1174,0.5428335
2022_1159_1181,0.08970073
2022_1159_1209,0.7123531
2022_1159_1211,0.064106084
2022_1159_1222,0.090642445
2022_1159_1228,0.00407205
2022_1159_1231,0.3871776
2022_1159_1234,0.089726
2022_1159_1235,0.25045487
2022_1159_1240,0.89128923
2022_1159_1242,0.074047185
2022_1159_1246,0.014292432
2022_1159_1255,0.2637469
2022_1159_1260,0.020936888
2022_1159_1261,0.008342737
2022_1159_1266,0.4797388
2022_1159_1272,0.03810559
2022_1159_1274,0.51536787
2022_1159_1276,0.54623795
2022_1159_1277,0.45510507
2022_1159_1286,0.1668861
2022_1159_1293,0.45885602
2022_1159_1308,0.06779743
2022_1159_1313,0.86244607
2022_1159_1314,0.12642832
2022_1159_1323,0.23249075
2022_1159_1326,0.20207277
2022_1159_1344,0.45452285
2022_1159_1345,0.0116814375
2022_1159_1350,0.43253335
2022_1159_1353,0.26020885
2022_1159_1355,0.68810165
2022_1159_1361,0.058033407
2022_1159_1362,0.37325895
2022_1159_1371,0.25257024
2022_1159_1388,0.023042623
2022_1159_1389,0.7035619
2022_1159_1394,0.9015707
2022_1159_1395,0.20121816
2022_1159_1397,0.009227108
2022_1159_1400,0.002170313
2022_1159_1403,0.018881846
2022_1159_1411,0.91996443
2022_1159_1412,0.016026633
2022_1159_1417,0.009572643
2022_1159_1425,0.012355481
2022_1159_1436,0.44100833
2022_1159_1437,0.016414583
2022_1159_1439,0.0037277136
2022_1159_1458,0.17865017
2022_1159_1460,0.81992126
2022_1159_1461,0.33186167
2022_1159_1463,0.7490685
2022_1161_1163,0.6147583
2022_1161_1166,0.77993846
2022_1161_1168,0.9141594
2022_1161_1172,0.30622333
2022_1161_1174,0.3060842
2022_1161_1181,0.0148291
2022_1161_1209,0.35371226
2022_1161_1211,0.26121038
2022_1161_1222,0.09620254
2022_1161_1228,0.111268036
2022_1161_1231,0.11329551
2022_1161_1234,0.06543626
2022_1161_1235,0.23886235
2022_1161_1240,0.79686356
2022_1161_1242,0.06813112
2022_1161_1246,0.029754689
2022_1161_1255,0.99202657
2022_1161_1260,0.62379694
2022_1161_1261,0.061547734
2022_1161_1266,0.5405513
2022_1161_1272,0.5255734
2022_1161_1274,0.98401284
2022_1161_1276,0.16993181
2022_1161_1277,0.39396262
2022_1161_1286,0.99276304
2022_1161_1293,0.10046783
2022_1161_1308,0.6639973
2022_1161_1313,0.99550486
2022_1161_1314,0.6766609
2022_1161_1323,0.36910057
2022_1161_1326,0.27485493
2022_1161_1344,0.36014172
2022_1161_1345,0.029820295
2022_1161_1350,0.47622964
2022_1161_1353,0.16408625
2022_1161_1355,0.21888542
2022_1161_1361,0.45967558
2022_1161_1362,0.8805557
2022_1161_1371,0.6901829
2022_1161_1388,0.4143025
2022_1161_1389,0.37772796
2022_1161_1394,0.94357353
2022_1161_1395,0.50696045
2022_1161_1397,0.020953868
2022_1161_1400,0.04606066
2022_1161_1403,0.1486059
2022_1161_1411,0.977021
2022_1161_1412,0.7517811
2022_1161_1417,0.038420573
2022_1161_1425,0.7006613
2022_1161_1436,0.27924716
2022_1161_1437,0.015470985
2022_1161_1439,0.17985919
2022_1161_1458,0.3317104
2022_1161_1460,0.40566248
2022_1161_1461,0.33694366
2022_1161_1463,0.65490204
2022_1163_1166,0.9051974
2022_1163_1168,0.9681164
2022_1163_1172,0.8290673
2022_1163_1174,0.66921866
2022_1163_1181,0.028674211
2022_1163_1209,0.98018384
2022_1163_1211,0.20519003
2022_1163_1222,0.0869246
2022_1163_1228,0.96560323
2022_1163_1231,0.7213468
2022_1163_1234,0.19928114
2022_1163_1235,0.55589354
2022_1163_1240,0.9857766
2022_1163_1242,0.02363462
2022_1163_1246,0.27086937
2022_1163_1255,0.9621733
2022_1163_1260,0.13799456
2022_1163_1261,0.8407158
2022_1163_1266,0.969522
2022_1163_1272,0.78609157
2022_1163_1274,0.96840966
2022_1163_1276,0.2692942
2022_1163_1277,0.69916934
2022_1163_1286,0.95473343
2022_1163_1293,0.6675791
2022_1163_1308,0.8746728
2022_1163_1313,0.9515953
2022_1163_1314,0.77335835
2022_1163_1323,0.61768967
2022_1163_1326,0.4275515
2022_1163_1344,0.49104673
2022_1163_1345,0.4792133
2022_1163_1350,0.94163865
2022_1163_1353,0.6421181
2022_1163_1355,0.9891328
2022_1163_1361,0.73618346
2022_1163_1362,0.93511647
2022_1163_1371,0.7765261
2022_1163_1388,0.4230304
2022_1163_1389,0.8087246
2022_1163_1394,0.70848894
2022_1163_1395,0.55680674
2022_1163_1397,0.3652326
2022_1163_1400,0.8599114
2022_1163_1403,0.041369546
2022_1163_1411,0.98522675
2022_1163_1412,0.81286615
2022_1163_1417,0.4149735
2022_1163_1425,0.63698244
2022_1163_1436,0.35549966
2022_1163_1437,0.1278562
2022_1163_1439,0.3061152
2022_1163_1458,0.44417086
2022_1163_1460,0.9864916
2022_1163_1461,0.90593016
2022_1163_1463,0.8107116
2022_1166_1168,0.9949187
2022_1166_1172,0.30868214
2022_1166_1174,0.98887706
2022_1166_1181,0.64894694
2022_1166_1209,0.76159596
2022_1166_1211,0.041780196
2022_1166_1222,0.49960053
2022_1166_1228,0.43682304
2022_1166_1231,0.725692
2022_1166_1234,0.4139058
2022_1166_1235,0.77167225
2022_1166_1240,0.9196403
2022_1166_1242,0.23656261
2022_1166_1246,0.37275353
2022_1166_1255,0.18310104
2022_1166_1260,0.30200282
2022_1166_1261,0.031739965
2022_1166_1266,0.82352614
2022_1166_1272,0.024895808
2022_1166_1274,0.06722638
2022_1166_1276,0.8552954
2022_1166_1277,0.34955436
2022_1166_1286,0.35814333
2022_1166_1293,0.7440764
2022_1166_1308,0.6271154
2022_1166_1313,0.4382316
2022_1166_1314,0.24826983
2022_1166_1323,0.047701634
2022_1166_1326,0.30745745
2022_1166_1344,0.84723204
2022_1166_1345,0.094087325
2022_1166_1350,0.93206537
2022_1166_1353,0.45077026
2022_1166_1355,0.7152426
2022_1166_1361,0.44104612
2022_1166_1362,0.08702129
2022_1166_1371,0.15330936
2022_1166_1388,0.05722575
2022_1166_1389,0.9677804
2022_1166_1394,0.9954832
2022_1166_1395,0.7307416
2022_1166_1397,0.05065109
2022_1166_1400,0.07735217
2022_1166_1403,0.2994454
2022_1166_1411,0.9827037
2022_1166_1412,0.40689123
2022_1166_1417,0.13571772
2022_1166_1425,0.041159086
2022_1166_1436,0.93729675
2022_1166_1437,0.053005196
2022_1166_1439,0.22865461
2022_1166_1458,0.40858376
2022_1166_1460,0.9870003
2022_1166_1461,0.6724652
2022_1166_1463,0.9103327
2022_1168_1172,0.11037702
2022_1168_1174,0.57019174
2022_1168_1181,0.09626517
2022_1168_1209,0.43407768
2022_1168_1211,0.06858206
2022_1168_1222,0.1423102
2022_1168_1228,0.007642382
2022_1168_1231,0.013752234
2022_1168_1234,0.27440163
2022_1168_1235,0.0021913033
2022_1168_1240,0.060558002
2022_1168_1242,0.0865583
2022_1168_1246,0.027623402
2022_1168_1255,0.06585324
2022_1168_1260,0.015809692
2022_1168_1261,0.021848219
2022_1168_1266,0.0048801997
2022_1168_1272,0.01144353
2022_1168_1274,0.051796835
2022_1168_1276,0.05429086
2022_1168_1277,0.0013554208
2022_1168_1286,0.060798787
2022_1168_1293,0.2115644
2022_1168_1308,0.026011154
2022_1168_1313,0.010128705
2022_1168_1314,0.032725167
2022_1168_1323,0.0038405482
2022_1168_1326,0.004061723
2022_1168_1344,0.050260276
2022_1168_1345,0.15216602
2022_1168_1350,0.0012611246
2022_1168_1353,0.03922754
2022_1168_1355,0.047655176
2022_1168_1361,0.34920272
2022_1168_1362,0.029886212
2022_1168_1371,0.0055680154
2022_1168_1388,0.01540663
2022_1168_1389,0.09276603
2022_1168_1394,0.98549694
2022_1168_1395,0.0043483507
2022_1168_1397,0.025110124
2022_1168_1400,0.010905264
2022_1168_1403,0.20054173
2022_1168_1411,0.61584795
2022_1168_1412,0.07240627
2022_1168_1417,0.018890783
2022_1168_1425,0.0058877636
2022_1168_1436,0.2965599
2022_1168_1437,0.026480118
2022_1168_1439,0.0036704256
2022_1168_1458,0.0042361827
2022_1168_1460,0.26610065
2022_1168_1461,0.2624605
2022_1168_1463,0.84354424
2022_1172_1174,0.6092415
2022_1172_1181,0.0068662157
2022_1172_1209,0.93745476
2022_1172_1211,0.49535403
2022_1172_1222,0.22949718
2022_1172_1228,0.43436104
2022_1172_1231,0.3384576
2022_1172_1234,0.19921637
2022_1172_1235,0.11724503
2022_1172_1240,0.7361212
2022_1172_1242,0.025160737
2022_1172_1246,0.028641224
2022_1172_1255,0.7971845
2022_1172_1260,0.50884604
2022_1172_1261,0.06938226
2022_1172_1266,0.32836366
2022_1172_1272,0.78811485
2022_1172_1274,0.92385113
2022_1172_1276,0.20188603
2022_1172_1277,0.3338841
2022_1172_1286,0.8271163
2022_1172_1293,0.023331601
2022_1172_1308,0.96038675
2022_1172_1313,0.95480204
2022_1172_1314,0.7098553
2022_1172_1323,0.9692964
2022_1172_1326,0.2465829
2022_1172_1344,0.4797453
2022_1172_1345,0.057066604
2022_1172_1350,0.57875335
2022_1172_1353,0.42093664
2022_1172_1355,0.59980524
2022_1172_1361,0.60304326
2022_1172_1362,0.68849033
2022_1172_1371,0.8435974
2022_1172_1388,0.7438831
2022_1172_1389,0.4241201
2022_1172_1394,0.9436699
2022_1172_1395,0.1354703
2022_1172_1397,0.030095493
2022_1172_1400,0.047886904
2022_1172_1403,0.06865644
2022_1172_1411,0.9856503
2022_1172_1412,0.6576983
2022_1172_1417,0.029873313
2022_1172_1425,0.40376788
2022_1172_1436,0.67232144
2022_1172_1437,0.0008865487
2022_1172_1439,0.54062366
2022_1172_1458,0.4774923
2022_1172_1460,0.73320264
2022_1172_1461,0.56256306
2022_1172_1463,0.73482674
2022_1174_1181,0.091919154
2022_1174_1209,0.4841955
2022_1174_1211,0.07188611
2022_1174_1222,0.07235618
2022_1174_1228,0.05121522
2022_1174_1231,0.0082882
2022_1174_1234,0.04767381
2022_1174_1235,0.012487049
2022_1174_1240,0.19521594
2022_1174_1242,0.07190535
2022_1174_1246,0.22641619
2022_1174_1255,0.2577143
2022_1174_1260,0.08331656
2022_1174_1261,0.022886995
2022_1174_1266,0.010209118
2022_1174_1272,0.034166243
2022_1174_1274,0.06545846
2022_1174_1276,0.005110372
2022_1174_1277,0.0014930195
2022_1174_1286,0.20484884
2022_1174_1293,0.22914186
2022_1174_1308,0.12458723
2022_1174_1313,0.24892244
2022_1174_1314,0.11319339
2022_1174_1323,0.14019966
2022_1174_1326,0.006445103
2022_1174_1344,0.5773441
2022_1174_1345,0.1539137
2022_1174_1350,0.0017235351
2022_1174_1353,0.04536868
2022_1174_1355,0.02779539
2022_1174_1361,0.05330839
2022_1174_1362,0.5951433
2022_1174_1371,0.13377607
2022_1174_1388,0.12763564
2022_1174_1389,0.46270478
2022_1174_1394,0.99741626
2022_1174_1395,0.025456022
2022_1174_1397,0.15015674
2022_1174_1400,0.016943932
2022_1174_1403,0.11899211
2022_1174_1411,0.20792216
2022_1174_1412,0.33148712
2022_1174_1417,0.28849682
2022_1174_1425,0.07331254
2022_1174_1436,0.2114166
2022_1174_1437,0.17415982
2022_1174_1439,0.0031374146
2022_1174_1458,0.03468616
2022_1174_1460,0.220206
2022_1174_1461,0.012692023
2022_1174_1463,0.95854783
2022_1181_1209,0.9686113
2022_1181_1211,0.279564
2022_1181_1222,0.34656274
2022_1181_1228,0.8626535
2022_1181_1231,0.54650664
2022_1181_1234,0.83370715
2022_1181_1235,0.463056
2022_1181_1240,0.9109498
2022_1181_1242,0.48262054
2022_1181_1246,0.24148655
2022_1181_1255,0.9843997
2022_1181_1260,0.6752042
2022_1181_1261,0.8566293
2022_1181_1266,0.54587376
2022_1181_1272,0.5783935
2022_1181_1274,0.82104915
2022_1181_1276,0.25831154
2022_1181_1277,0.47492796
2022_1181_1286,0.98610455
2022_1181_1293,0.85136384
2022_1181_1308,0.97465956
2022_1181_1313,0.98704976
2022_1181_1314,0.40894377
2022_1181_1323,0.28320128
2022_1181_1326,0.720648
2022_1181_1344,0.9597541
2022_1181_1345,0.76380897
2022_1181_1350,0.49096534
2022_1181_1353,0.59352225
2022_1181_1355,0.96587604
2022_1181_1361,0.5329068
2022_1181_1362,0.9783863
2022_1181_1371,0.7038124
2022_1181_1388,0.82437736
2022_1181_1389,0.9713012
2022_1181_1394,0.9097458
2022_1181_1395,0.48856074
2022_1181_1397,0.5148126
2022_1181_1400,0.7357256
2022_1181_1403,0.3400875
2022_1181_1411,0.9687627
2022_1181_1412,0.87278754
2022_1181_1417,0.6771961
2022_1181_1425,0.92533994
2022_1181_1436,0.866457
2022_1181_1437,0.56864107
2022_1181_1439,0.60579705
2022_1181_1458,0.8934202
2022_1181_1460,0.9692506
2022_1181_1461,0.9355971
2022_1181_1463,0.97004557
2022_1209_1211,0.042301424
2022_1209_1222,0.071381524
2022_1209_1228,0.027737703
2022_1209_1231,0.008836431
2022_1209_1234,0.3591804
2022_1209_1235,0.15778445
2022_1209_1240,0.2878756
2022_1209_1242,0.03039988
2022_1209_1246,0.31342453
2022_1209_1255,0.91046023
2022_1209_1260,0.055604544
2022_1209_1261,0.07704215
2022_1209_1266,0.019654922
2022_1209_1272,0.08808569
2022_1209_1274,0.48108596
2022_1209_1276,0.008762782
2022_1209_1277,0.032023527
2022_1209_1286,0.7314332
2022_1209_1293,0.57699996
2022_1209_1308,0.35157725
2022_1209_1313,0.72783655
2022_1209_1314,0.007966518
2022_1209_1323,0.37875646
2022_1209_1326,0.021842346
2022_1209_1344,0.48995697
2022_1209_1345,0.09381301
2022_1209_1350,0.14667493
2022_1209_1353,0.032831885
2022_1209_1355,0.16487256
2022_1209_1361,0.19458911
2022_1209_1362,0.10404367
2022_1209_1371,0.08003621
2022_1209_1388,0.12637462
2022_1209_1389,0.120089956
2022_1209_1394,0.942717
2022_1209_1395,0.02484819
2022_1209_1397,0.09373962
2022_1209_1400,0.020085502
2022_1209_1403,0.04468165
2022_1209_1411,0.4417454
2022_1209_1412,0.39103365
2022_1209_1417,0.08564359
2022_1209_1425,0.61470306
2022_1209_1436,0.28405115
2022_1209_1437,0.08486361
2022_1209_1439,0.021662403
2022_1209_1458,0.037887126
2022_1209_1460,0.13404384
2022_1209_1461,0.13391086
2022_1209_1463,0.12520441
2022_1211_1222,0.974605
2022_1211_1228,0.5535767
2022_1211_1231,0.94722474
2022_1211_1234,0.45938763
2022_1211_1235,0.9225917
2022_1211_1240,0.9325843
2022_1211_1242,0.6839145
2022_1211_1246,0.90805084
2022_1211_1255,0.8948154
2022_1211_1260,0.9732144
2022_1211_1261,0.82703114
2022_1211_1266,0.9670417
2022_1211_1272,0.95180655
2022_1211_1274,0.89505935
2022_1211_1276,0.9559549
2022_1211_1277,0.95333314
2022_1211_1286,0.8948154
2022_1211_1293,0.9848403
2022_1211_1308,0.8576691
2022_1211_1313,0.8948154
2022_1211_1314,0.8865533
2022_1211_1323,0.93341154
2022_1211_1326,0.91485244
2022_1211_1344,0.95599043
2022_1211_1345,0.86814636
2022_1211_1350,0.9329351
2022_1211_1353,0.9555719
2022_1211_1355,0.97891694
2022_1211_1361,0.70338696
2022_1211_1362,0.7206335
2022_1211_1371,0.9501878
2022_1211_1388,0.9271585
2022_1211_1389,0.92164654
2022_1211_1394,0.8865847
2022_1211_1395,0.9400203
2022_1211_1397,0.8923499
2022_1211_1400,0.887743
2022_1211_1403,0.74029064
2022_1211_1411,0.95404553
2022_1211_1412,0.9772471
2022_1211_1417,0.89836216
2022_1211_1425,0.90021694
2022_1211_1436,0.9866291
2022_1211_1437,0.93156415
2022_1211_1439,0.90990824
2022_1211_1458,0.96093297
2022_1211_1460,0.9446396
2022_1211_1461,0.577057
2022_1211_1463,0.92164654
2022_1222_1228,0.17990898
2022_1222_1231,0.6607636
2022_1222_1234,0.9537496
2022_1222_1235,0.722968
2022_1222_1240,0.7669494
2022_1222_1242,0.26940623
2022_1222_1246,0.34496424
2022_1222_1255,0.9370161
2022_1222_1260,0.52946067
2022_1222_1261,0.12382817
2022_1222_1266,0.7136938
2022_1222_1272,0.41028133
2022_1222_1274,0.3229273
2022_1222_1276,0.705105
2022_1222_1277,0.74555826
2022_1222_1286,0.94181746
2022_1222_1293,0.96592855
2022_1222_1308,0.9866221
2022_1222_1313,0.9287308
2022_1222_1314,0.7506988
2022_1222_1323,0.547494
2022_1222_1326,0.7059893
2022_1222_1344,0.98623693
2022_1222_1345,0.8093182
2022_1222_1350,0.5933631
2022_1222_1353,0.68245614
2022_1222_1355,0.98137283
2022_1222_1361,0.8337619
2022_1222_1362,0.92731273
2022_1222_1371,0.6697029
2022_1222_1388,0.83802706
2022_1222_1389,0.86400396
2022_1222_1394,0.90634537
2022_1222_1395,0.7136938
2022_1222_1397,0.6051569
2022_1222_1400,0.14438085
2022_1222_1403,0.9434524
2022_1222_1411,0.8622192
2022_1222_1412,0.6920874
2022_1222_1417,0.5471344
2022_1222_1425,0.7330986
2022_1222_1436,0.99557406
2022_1222_1437,0.22155309
2022_1222_1439,0.6025888
2022_1222_1458,0.698542
2022_1222_1460,0.91300964
2022_1222_1461,0.9768202
2022_1222_1463,0.93341154
2022_1228_1231,0.7225091
2022_1228_1234,0.29438692
2022_1228_1235,0.38830566
2022_1228_1240,0.99001974
2022_1228_1242,0.03426215
2022_1228_1246,0.1731
2022_1228_1255,0.9889331
2022_1228_1260,0.23451407
2022_1228_1261,0.6151554
2022_1228_1266,0.27767166
2022_1228_1272,0.4641759
2022_1228_1274,0.9543214
2022_1228_1276,0.33507016
2022_1228_1277,0.86559576
2022_1228_1286,0.9856072
2022_1228_1293,0.86715955
2022_1228_1308,0.9937661
2022_1228_1313,0.99001485
2022_1228_1314,0.55493605
2022_1228_1323,0.6232167
2022_1228_1326,0.8479345
2022_1228_1344,0.55793375
2022_1228_1345,0.34389496
2022_1228_1350,0.915045
2022_1228_1353,0.954981
2022_1228_1355,0.5232689
2022_1228_1361,0.7379204
2022_1228_1362,0.6539607
2022_1228_1371,0.7243947
2022_1228_1388,0.4485572
2022_1228_1389,0.86322045
2022_1228_1394,0.93589664
2022_1228_1395,0.27190265
2022_1228_1397,0.5257483
2022_1228_1400,0.5930663
2022_1228_1403,0.36856207
2022_1228_1411,0.99106556
2022_1228_1412,0.68889034
2022_1228_1417,0.105318986
2022_1228_1425,0.96713734
2022_1228_1436,0.2049267
2022_1228_1437,0.38903028
2022_1228_1439,0.5313505
2022_1228_1458,0.4100399
2022_1228_1460,0.9874732
2022_1228_1461,0.9929038
2022_1228_1463,0.7506517
2022_1231_1234,0.18420228
2022_1231_1235,0.79417926
2022_1231_1240,0.99450237
2022_1231_1242,0.6138768
2022_1231_1246,0.6626302
2022_1231_1255,0.98688024
2022_1231_1260,0.40508682
2022_1231_1261,0.50115067
2022_1231_1266,0.748715
2022_1231_1272,0.18401527
2022_1231_1274,0.3483516
2022_1231_1276,0.4924836
2022_1231_1277,0.5664268
2022_1231_1286,0.9898409
2022_1231_1293,0.7665023
2022_1231_1308,0.9931723
2022_1231_1313,0.9841144
2022_1231_1314,0.069120765
2022_1231_1323,0.7603068
2022_1231_1326,0.58400095
2022_1231_1344,0.88836205
2022_1231_1345,0.6629269
2022_1231_1350,0.9201877
2022_1231_1353,0.7887779
2022_1231_1355,0.8355433
2022_1231_1361,0.052050695
2022_1231_1362,0.033222083
2022_1231_1371,0.28939348
2022_1231_1388,0.7313112
2022_1231_1389,0.95909977
2022_1231_1394,0.994395
2022_1231_1395,0.41473934
2022_1231_1397,0.6224502
2022_1231_1400,0.5953015
2022_1231_1403,0.17165801
2022_1231_1411,0.9969853
2022_1231_1412,0.64958924
2022_1231_1417,0.09128343
2022_1231_1425,0.93116665
2022_1231_1436,0.64156765
2022_1231_1437,0.6990135
2022_1231_1439,0.17383198
2022_1231_1458,0.8250141
2022_1231_1460,0.9881316
2022_1231_1461,0.9455004
2022_1231_1463,0.93787664
2022_1234_1235,0.88865554
2022_1234_1240,0.74808055
2022_1234_1242,0.3350044
2022_1234_1246,0.19336316
2022_1234_1255,0.95828533
2022_1234_1260,0.97659457
2022_1234_1261,0.79702014
2022_1234_1266,0.9072653
2022_1234_1272,0.86298245
2022_1234_1274,0.9110569
2022_1234_1276,0.26503456
2022_1234_1277,0.7080141
2022_1234_1286,0.9149102
2022_1234_1293,0.98918957
2022_1234_1308,0.9488428
2022_1234_1313,0.9879828
2022_1234_1314,0.9868371
2022_1234_1323,0.77050036
2022_1234_1326,0.97833014
2022_1234_1344,0.96009105
2022_1234_1345,0.2624331
2022_1234_1350,0.3779414
2022_1234_1353,0.6903298
2022_1234_1355,0.9358583
2022_1234_1361,0.9474584
2022_1234_1362,0.9147045
2022_1234_1371,0.9377148
2022_1234_1388,0.94015867
2022_1234_1389,0.9841144
2022_1234_1394,0.97476244
2022_1234_1395,0.8025248
2022_1234_1397,0.5516039
2022_1234_1400,0.7234982
2022_1234_1403,0.9071542
2022_1234_1411,0.72963643
2022_1234_1412,0.9943897
2022_1234_1417,0.34745198
2022_1234_1425,0.9805002
2022_1234_1436,0.8451541
2022_1234_1437,0.0304868
2022_1234_1439,0.49734107
2022_1234_1458,0.93995404
2022_1234_1460,0.88960326
2022_1234_1461,0.9777914
2022_1234_1463,0.97458947
2022_1235_1240,0.9606008
2022_1235_1242,0.12294448
2022_1235_1246,0.16418688
2022_1235_1255,0.76200426
2022_1235_1260,0.6545974
2022_1235_1261,0.15726462
2022_1235_1266,0.5713625
2022_1235_1272,0.071462855
2022_1235_1274,0.3854121
2022_1235_1276,0.044162292
2022_1235_1277,0.099590674
2022_1235_1286,0.905089
2022_1235_1293,0.5465866
2022_1235_1308,0.5990383
2022_1235_1313,0.7492689
2022_1235_1314,0.04335355
2022_1235_1323,0.34805536
2022_1235_1326,0.102099895
2022_1235_1344,0.82234865
2022_1235_1345,0.0903864
2022_1235_1350,0.37156036
2022_1235_1353,0.72347724
2022_1235_1355,0.56619054
2022_1235_1361,0.00714963
2022_1235_1362,0.53886974
2022_1235_1371,0.3571843
2022_1235_1388,0.32973558
2022_1235_1389,0.9937253
2022_1235_1394,0.9970463
2022_1235_1395,0.25956026
2022_1235_1397,0.11895954
2022_1235_1400,0.15343523
2022_1235_1403,0.058061108
2022_1235_1411,0.98958594
2022_1235_1412,0.73526347
2022_1235_1417,0.37546453
2022_1235_1425,0.34571436
2022_1235_1436,0.6534085
2022_1235_1437,0.39029416
2022_1235_1439,0.05911062
2022_1235_1458,0.15279886
2022_1235_1460,0.99747515
2022_1235_1461,0.04404808
2022_1235_1463,0.9986687
2022_1240_1242,0.093354635
2022_1240_1246,0.027835898
2022_1240_1255,0.106246606
2022_1240_1260,0.015806463
2022_1240_1261,0.0109292455
2022_1240_1266,0.045613043
2022_1240_1272,0.009697321
2022_1240_1274,0.041375812
2022_1240_1276,0.13130517
2022_1240_1277,0.060779136
2022_1240_1286,0.15352774
2022_1240_1293,0.32154542
2022_1240_1308,0.22388202
2022_1240_1313,0.08232568
2022_1240_1314,0.017543642
2022_1240_1323,0.003995539
2022_1240_1326,0.0019884137
2022_1240_1344,0.22944632
2022_1240_1345,0.14859775
2022_1240_1350,0.020525957
2022_1240_1353,0.2626974
2022_1240_1355,0.048463404
2022_1240_1361,0.20469815
2022_1240_1362,0.3649419
2022_1240_1371,0.0037044096
2022_1240_1388,0.009733812
2022_1240_1389,0.41954216
2022_1240_1394,0.9665307
2022_1240_1395,0.086690724
2022_1240_1397,0.025827054
2022_1240_1400,0.0123004
2022_1240_1403,0.24889666
2022_1240_1411,0.88324296
2022_1240_1412,0.008254851
2022_1240_1417,0.020997029
2022_1240_1425,0.0051636286
2022_1240_1436,0.50793916
2022_1240_1437,0.019529887
2022_1240_1439,0.007133374
2022_1240_1458,0.00222657
2022_1240_1460,0.79538834
2022_1240_1461,0.36438864
2022_1240_1463,0.43679136
2022_1242_1246,0.6584006
2022_1242_1255,0.9762659
2022_1242_1260,0.88119453
2022_1242_1261,0.94348615
2022_1242_1266,0.8968567
2022_1242_1272,0.8884461
2022_1242_1274,0.98400146
2022_1242_1276,0.5271518
2022_1242_1277,0.7784338
2022_1242_1286,0.98652345
2022_1242_1293,0.46722803
2022_1242_1308,0.9828023
2022_1242_1313,0.9866328
2022_1242_1314,0.28777158
2022_1242_1323,0.65509737
2022_1242_1326,0.41760752
2022_1242_1344,0.9816717
2022_1242_1345,0.17638195
2022_1242_1350,0.9172804
2022_1242_1353,0.94225943
2022_1242_1355,0.8789427
2022_1242_1361,0.5426833
2022_1242_1362,0.94980806
2022_1242_1371,0.7800087
2022_1242_1388,0.83016014
2022_1242_1389,0.9646196
2022_1242_1394,0.9334742
2022_1242_1395,0.8539933
2022_1242_1397,0.6177143
2022_1242_1400,0.57601684
2022_1242_1403,0.52621126
2022_1242_1411,0.96412253
2022_1242_1412,0.9722227
2022_1242_1417,0.85809374
2022_1242_1425,0.7170421
2022_1242_1436,0.7877025
2022_1242_1437,0.62626666
2022_1242_1439,0.6939485
2022_1242_1458,0.99104095
2022_1242_1460,0.966536
2022_1242_1461,0.9602496
2022_1242_1463,0.9718169
2022_1246_1255,0.97222763
2022_1246_1260,0.9981356
2022_1246_1261,0.99527377
2022_1246_1266,0.69828135
2022_1246_1272,0.9587495
2022_1246_1274,0.7760771
2022_1246_1276,0.55832773
2022_1246_1277,0.31759584
2022_1246_1286,0.9723915
2022_1246_1293,0.96144
2022_1246_1308,0.9639128
2022_1246_1313,0.9749522
2022_1246_1314,0.9431591
2022_1246_1323,0.84316045
2022_1246_1326,0.48747158
2022_1246_1344,0.96076894
2022_1246_1345,0.49137077
2022_1246_1350,0.96637976
2022_1246_1353,0.9399023
2022_1246_1355,0.9789714
2022_1246_1361,0.9557582
2022_1246_1362,0.87716025
2022_1246_1371,0.9460699
2022_1246_1388,0.98288107
2022_1246_1389,0.89705276
2022_1246_1394,0.78668076
2022_1246_1395,0.7053262
2022_1246_1397,0.7412915
2022_1246_1400,0.94283855
2022_1246_1403,0.6711439
2022_1246_1411,0.9081981
2022_1246_1412,0.9950249
2022_1246_1417,0.9432102
2022_1246_1425,0.97606707
2022_1246_1436,0.8777838
2022_1246_1437,0.85598135
2022_1246_1439,0.85874844
2022_1246_1458,0.9691908
2022_1246_1460,0.9083947
2022_1246_1461,0.96729183
2022_1246_1463,0.89606106
2022_1255_1260,0.029045485
2022_1255_1261,0.080180325
2022_1255_1266,0.30306056
2022_1255_1272,0.06390762
2022_1255_1274,0.32678932
2022_1255_1276,0.06455763
2022_1255_1277,0.26410553
2022_1255_1286,0.8798157
2022_1255_1293,0.33367532
2022_1255_1308,0.24120973
2022_1255_1313,0.81446373
2022_1255_1314,0.114606164
2022_1255_1323,0.629122
2022_1255_1326,0.095740974
2022_1255_1344,0.2555057
2022_1255_1345,0.008923375
2022_1255_1350,0.70216906
2022_1255_1353,0.10745329
2022_1255_1355,0.08043058
2022_1255_1361,0.0055245045
2022_1255_1362,0.014350038
2022_1255_1371,0.75344133
2022_1255_1388,0.008293789
2022_1255_1389,0.6298733
2022_1255_1394,0.9391484
2022_1255_1395,0.30306056
2022_1255_1397,0.00935074
2022_1255_1400,0.057207342
2022_1255_1403,0.030234735
2022_1255_1411,0.17224976
2022_1255_1412,0.07376662
2022_1255_1417,0.016487837
2022_1255_1425,0.046674997
2022_1255_1436,0.005804831
2022_1255_1437,0.004490772
2022_1255_1439,0.04091445
2022_1255_1458,0.22461915
2022_1255_1460,0.4421819
2022_1255_1461,0.106633656
2022_1255_1463,0.4486323
2022_1260_1261,0.62195766
2022_1260_1266,0.4173311
2022_1260_1272,0.85841095
2022_1260_1274,0.6871617
2022_1260_1276,0.33179823
2022_1260_1277,0.86215866
2022_1260_1286,0.837385
2022_1260_1293,0.47598797
2022_1260_1308,0.90840566
2022_1260_1313,0.9807848
2022_1260_1314,0.6989051
2022_1260_1323,0.4349562
2022_1260_1326,0.4408879
2022_1260_1344,0.46189195
2022_1260_1345,0.006962075
2022_1260_1350,0.9719243
2022_1260_1353,0.07439643
2022_1260_1355,0.7887297
2022_1260_1361,0.8733178
2022_1260_1362,0.78242743
2022_1260_1371,0.8061133
2022_1260_1388,0.75992846
2022_1260_1389,0.77785957
2022_1260_1394,0.84950966
2022_1260_1395,0.27523753
2022_1260_1397,0.14706051
2022_1260_1400,0.7414399
2022_1260_1403,0.04049992
2022_1260_1411,0.96300507
2022_1260_1412,0.055279385
2022_1260_1417,0.0031124842
2022_1260_1425,0.3353468
2022_1260_1436,0.7151343
2022_1260_1437,0.033393227
2022_1260_1439,0.9176091
2022_1260_1458,0.6937497
2022_1260_1460,0.9631545
2022_1260_1461,0.9276015
2022_1260_1463,0.5085188
2022_1261_1266,0.9415956
2022_1261_1272,0.76695687
2022_1261_1274,0.8572793
2022_1261_1276,0.5984022
2022_1261_1277,0.9066803
2022_1261_1286,0.8373647
2022_1261_1293,0.8745978
2022_1261_1308,0.5129925
2022_1261_1313,0.7949008
2022_1261_1314,0.38939714
2022_1261_1323,0.4762936
2022_1261_1326,0.7136056
2022_1261_1344,0.3810434
2022_1261_1345,0.028882893
2022_1261_1350,0.98341036
2022_1261_1353,0.32219204
2022_1261_1355,0.968288
2022_1261_1361,0.6348305
2022_1261_1362,0.86953795
2022_1261_1371,0.78405786
2022_1261_1388,0.20198198
2022_1261_1389,0.9907369
2022_1261_1394,0.9695637
2022_1261_1395,0.91792977
2022_1261_1397,0.016906064
2022_1261_1400,0.92575777
2022_1261_1403,0.29311594
2022_1261_1411,0.95724267
2022_1261_1412,0.058051355
2022_1261_1417,0.028026156
2022_1261_1425,0.09039015
2022_1261_1436,0.87630665
2022_1261_1437,0.011692232
2022_1261_1439,0.61464524
2022_1261_1458,0.022792395
2022_1261_1460,0.98635674
2022_1261_1461,0.8465085
2022_1261_1463,0.9883976
2022_1266_1272,0.08598288
2022_1266_1274,0.4119244
2022_1266_1276,0.5101368
2022_1266_1277,0.3137042
2022_1266_1286,0.8608236
2022_1266_1293,0.6227766
2022_1266_1308,0.9281339
2022_1266_1313,0.93622196
2022_1266_1314,0.16862556
2022_1266_1323,0.23740956
2022_1266_1326,0.25263268
2022_1266_1344,0.85143256
2022_1266_1345,0.3656864
2022_1266_1350,0.744395
2022_1266_1353,0.80477554
2022_1266_1355,0.76287544
2022_1266_1361,0.048194863
2022_1266_1362,0.11252767
2022_1266_1371,0.53199804
2022_1266_1388,0.3016259
2022_1266_1389,0.99092704
2022_1266_1394,0.9980991
2022_1266_1395,0.22982547
2022_1266_1397,0.1159012
2022_1266_1400,0.122954115
2022_1266_1403,0.10819956
2022_1266_1411,0.9977496
2022_1266_1412,0.91130805
2022_1266_1417,0.17781147
2022_1266_1425,0.51739895
2022_1266_1436,0.80985695
2022_1266_1437,0.21048826
2022_1266_1439,0.24269567
2022_1266_1458,0.6407275
2022_1266_1460,0.99759513
2022_1266_1461,0.606726
2022_1266_1463,0.9932399
2022_1272_1274,0.77015287
2022_1272_1276,0.99012685
2022_1272_1277,0.8256751
2022_1272_1286,0.9470025
2022_1272_1293,0.803258
2022_1272_1308,0.96218777
2022_1272_1313,0.941481
2022_1272_1314,0.64666444
2022_1272_1323,0.8498687
2022_1272_1326,0.4999037
2022_1272_1344,0.7326133
2022_1272_1345,0.052717477
2022_1272_1350,0.96656436
2022_1272_1353,0.446113
2022_1272_1355,0.8255669
2022_1272_1361,0.17965996
2022_1272_1362,0.47472394
2022_1272_1371,0.84301573
2022_1272_1388,0.34513435
2022_1272_1389,0.99076587
2022_1272_1394,0.97871864
2022_1272_1395,0.88884306
2022_1272_1397,0.061907742
2022_1272_1400,0.16438013
2022_1272_1403,0.37129807
2022_1272_1411,0.9312527
2022_1272_1412,0.56791884
2022_1272_1417,0.12601054
2022_1272_1425,0.09843929
2022_1272_1436,0.7786095
2022_1272_1437,0.08951592
2022_1272_1439,0.43091202
2022_1272_1458,0.5392507
2022_1272_1460,0.94914794
2022_1272_1461,0.9970069
2022_1272_1463,0.9770675
2022_1274_1276,0.2734322
2022_1274_1277,0.27892745
2022_1274_1286,0.6149279
2022_1274_1293,0.545408
2022_1274_1308,0.49134055
2022_1274_1313,0.6920571
2022_1274_1314,0.29877526
2022_1274_1323,0.35327455
2022_1274_1326,0.3166263
2022_1274_1344,0.50343025
2022_1274_1345,0.5537107
2022_1274_1350,0.70988894
2022_1274_1353,0.7653005
2022_1274_1355,0.88201237
2022_1274_1361,0.21400239
2022_1274_1362,0.07678494
2022_1274_1371,0.18613356
2022_1274_1388,0.6965882
2022_1274_1389,0.9356666
2022_1274_1394,0.9892698
2022_1274_1395,0.7242578
2022_1274_1397,0.5334551
2022_1274_1400,0.3064427
2022_1274_1403,0.08768293
2022_1274_1411,0.97200185
2022_1274_1412,0.3319797
2022_1274_1417,0.49569428
2022_1274_1425,0.23158085
2022_1274_1436,0.89713883
2022_1274_1437,0.34000742
2022_1274_1439,0.27468875
2022_1274_1458,0.35919032
2022_1274_1460,0.84883124
2022_1274_1461,0.47821
2022_1274_1463,0.6297062
2022_1276_1277,0.41258043
2022_1276_1286,0.9513637
2022_1276_1293,0.86548686
2022_1276_1308,0.9119575
2022_1276_1313,0.89299953
2022_1276_1314,0.7371815
2022_1276_1323,0.22183011
2022_1276_1326,0.19642617
2022_1276_1344,0.9206945
2022_1276_1345,0.20101479
2022_1276_1350,0.80446386
2022_1276_1353,0.968125
2022_1276_1355,0.7542997
2022_1276_1361,0.7151888
2022_1276_1362,0.62445986
2022_1276_1371,0.020029705
2022_1276_1388,0.71879715
2022_1276_1389,0.93731433
2022_1276_1394,0.99263257
2022_1276_1395,0.60115725
2022_1276_1397,0.24505329
2022_1276_1400,0.42096287
2022_1276_1403,0.6758058
2022_1276_1411,0.90902746
2022_1276_1412,0.8083539
2022_1276_1417,0.22128005
2022_1276_1425,0.49544224
2022_1276_1436,0.81569546
2022_1276_1437,0.5245313
2022_1276_1439,0.087172225
2022_1276_1458,0.87117916
2022_1276_1460,0.9905468
2022_1276_1461,0.94467056
2022_1276_1463,0.9946048
2022_1277_1286,0.3953395
2022_1277_1293,0.7393483
2022_1277_1308,0.74835473
2022_1277_1313,0.6042475
2022_1277_1314,0.3969393
2022_1277_1323,0.42698145
2022_1277_1326,0.48642787
2022_1277_1344,0.85232824
2022_1277_1345,0.099382766
2022_1277_1350,0.74383205
2022_1277_1353,0.48092064
2022_1277_1355,0.8157602
2022_1277_1361,0.06719604
2022_1277_1362,0.6766202
2022_1277_1371,0.31744426
2022_1277_1388,0.049204793
2022_1277_1389,0.9926872
2022_1277_1394,0.99759233
2022_1277_1395,0.90820843
2022_1277_1397,0.10447831
2022_1277_1400,0.23106824
2022_1277_1403,0.48937136
2022_1277_1411,0.99507844
2022_1277_1412,0.24361038
2022_1277_1417,0.013092764
2022_1277_1425,0.36389577
2022_1277_1436,0.8826714
2022_1277_1437,0.3339631
2022_1277_1439,0.2530685
2022_1277_1458,0.067750424
2022_1277_1460,0.93148893
2022_1277_1461,0.1280788
2022_1277_1463,0.83493626
2022_1286_1293,0.395174
2022_1286_1308,0.04264828
2022_1286_1313,0.8402159
2022_1286_1314,0.05982411
2022_1286_1323,0.20422706
2022_1286_1326,0.06368258
2022_1286_1344,0.12531444
2022_1286_1345,0.0086802095
2022_1286_1350,0.72316366
2022_1286_1353,0.128517
2022_1286_1355,0.18488887
2022_1286_1361,0.008308847
2022_1286_1362,0.049500786
2022_1286_1371,0.26243266
2022_1286_1388,0.014416724
2022_1286_1389,0.63832295
2022_1286_1394,0.9392946
2022_1286_1395,0.21343635
2022_1286_1397,0.008561844
2022_1286_1400,0.052443802
2022_1286_1403,0.02714241
2022_1286_1411,0.13801149
2022_1286_1412,0.004446306
2022_1286_1417,0.01260826
2022_1286_1425,0.0032963797
2022_1286_1436,0.0070563443
2022_1286_1437,0.007846294
2022_1286_1439,0.064682506
2022_1286_1458,0.23510188
2022_1286_1460,0.6631439
2022_1286_1461,0.032848857
2022_1286_1463,0.6800773
2022_1293_1308,0.6449941
2022_1293_1313,0.8028292
2022_1293_1314,0.24380434
2022_1293_1323,0.42421854
2022_1293_1326,0.23034269
2022_1293_1344,0.23038438
2022_1293_1345,0.32096595
2022_1293_1350,0.15228139
2022_1293_1353,0.3869562
2022_1293_1355,0.5481453
2022_1293_1361,0.10742992
2022_1293_1362,0.50185287
2022_1293_1371,0.27284813
2022_1293_1388,0.4545743
2022_1293_1389,0.59860975
2022_1293_1394,0.96867913
2022_1293_1395,0.2436544
2022_1293_1397,0.27091315
2022_1293_1400,0.14612216
2022_1293_1403,0.073796734
2022_1293_1411,0.9391581
2022_1293_1412,0.4074087
2022_1293_1417,0.14733183
2022_1293_1425,0.24038073
2022_1293_1436,0.36227453
2022_1293_1437,0.24329102
2022_1293_1439,0.12827733
2022_1293_1458,0.023363112
2022_1293_1460,0.49309
2022_1293_1461,0.1366351
2022_1293_1463,0.74534523
2022_1308_1313,0.959086
2022_1308_1314,0.003252869
2022_1308_1323,0.4092314
2022_1308_1326,0.013835058
2022_1308_1344,0.25453112
2022_1308_1345,0.0146996025
2022_1308_1350,0.8616212
2022_1308_1353,0.1957787
2022_1308_1355,0.5839643
2022_1308_1361,0.019775515
2022_1308_1362,0.13640593
2022_1308_1371,0.2915016
2022_1308_1388,0.04725992
2022_1308_1389,0.83810896
2022_1308_1394,0.9825348
2022_1308_1395,0.08204572
2022_1308_1397,0.01654171
2022_1308_1400,0.17587104
2022_1308_1403,0.041384403
2022_1308_1411,0.5408739
2022_1308_1412,0.06210743
2022_1308_1417,0.007288576
2022_1308_1425,0.08693231
2022_1308_1436,0.14168766
2022_1308_1437,0.014945877
2022_1308_1439,0.11006233
2022_1308_1458,0.726581
2022_1308_1460,0.3674815
2022_1308_1461,0.5494329
2022_1308_1463,0.6119329
2022_1313_1314,0.048577186
2022_1313_1323,0.4005007
2022_1313_1326,0.07608883
2022_1313_1344,0.033546582
2022_1313_1345,0.006208538
2022_1313_1350,0.71427506
2022_1313_1353,0.12788258
2022_1313_1355,0.2569893
2022_1313_1361,0.0009926859
2022_1313_1362,0.016069453
2022_1313_1371,0.16327576
2022_1313_1388,0.0032852679
2022_1313_1389,0.56423557
2022_1313_1394,0.902305
2022_1313_1395,0.14240852
2022_1313_1397,0.008411612
2022_1313_1400,0.09752553
2022_1313_1403,0.025443878
2022_1313_1411,0.4780908
2022_1313_1412,0.05368709
2022_1313_1417,0.009527159
2022_1313_1425,0.00470396
2022_1313_1436,0.08305675
2022_1313_1437,0.008459834
2022_1313_1439,0.082581684
2022_1313_1458,0.20199226
2022_1313_1460,0.5670996
2022_1313_1461,0.032097973
2022_1313_1463,0.2621611
2022_1314_1323,0.9709235
2022_1314_1326,0.641357
2022_1314_1344,0.110108525
2022_1314_1345,0.4001518
2022_1314_1350,0.50499797
2022_1314_1353,0.8619326
2022_1314_1355,0.76142836
2022_1314_1361,0.12233357
2022_1314_1362,0.53723097
2022_1314_1371,0.90701455
2022_1314_1388,0.32082015
2022_1314_1389,0.98290133
2022_1314_1394,0.9427799
2022_1314_1395,0.8443139
2022_1314_1397,0.58610153
2022_1314_1400,0.59879583
2022_1314_1403,0.07216376
2022_1314_1411,0.99639076
2022_1314_1412,0.48534113
2022_1314_1417,0.031660948
2022_1314_1425,0.32837132
2022_1314_1436,0.6157435
2022_1314_1437,0.10779001
2022_1314_1439,0.761518
2022_1314_1458,0.28359252
2022_1314_1460,0.9838966
2022_1314_1461,0.97225237
2022_1314_1463,0.921145
2022_1323_1326,0.38728595
2022_1323_1344,0.69844896
2022_1323_1345,0.021403708
2022_1323_1350,0.68084383
2022_1323_1353,0.89431524
2022_1323_1355,0.7285415
2022_1323_1361,0.16815636
2022_1323_1362,0.26341042
2022_1323_1371,0.64832294
2022_1323_1388,0.6736971
2022_1323_1389,0.9542581
2022_1323_1394,0.9534724
2022_1323_1395,0.84120834
2022_1323_1397,0.018939154
2022_1323_1400,0.31832954
2022_1323_1403,0.00906582
2022_1323_1411,0.96896696
2022_1323_1412,0.101051405
2022_1323_1417,0.08764621
2022_1323_1425,0.16737694
2022_1323_1436,0.8339902
2022_1323_1437,0.11987373
2022_1323_1439,0.3783794
2022_1323_1458,0.6300043
2022_1323_1460,0.81411684
2022_1323_1461,0.7292641
2022_1323_1463,0.94455576
2022_1326_1344,0.7420276
2022_1326_1345,0.083579004
2022_1326_1350,0.82323456
2022_1326_1353,0.777428
2022_1326_1355,0.7522843
2022_1326_1361,0.052868895
2022_1326_1362,0.4990462
2022_1326_1371,0.5377613
2022_1326_1388,0.32328254
2022_1326_1389,0.9990467
2022_1326_1394,0.98863655
2022_1326_1395,0.8894323
2022_1326_1397,0.20526907
2022_1326_1400,0.19355242
2022_1326_1403,0.112693295
2022_1326_1411,0.94055814
2022_1326_1412,0.5166683
2022_1326_1417,0.05070084
2022_1326_1425,0.4327205
2022_1326_1436,0.84261364
2022_1326_1437,0.17193857
2022_1326_1439,0.14294076
2022_1326_1458,0.4732969
2022_1326_1460,0.97098804
2022_1326_1461,0.76406187
2022_1326_1463,0.9666978
2022_1344_1345,0.01499827
2022_1344_1350,0.22826624
2022_1344_1353,0.16890575
2022_1344_1355,0.30842614
2022_1344_1361,0.7453084
2022_1344_1362,0.9656918
2022_1344_1371,0.6860748
2022_1344_1388,0.5868647
2022_1344_1389,0.74783206
2022_1344_1394,0.9793107
2022_1344_1395,0.100738764
2022_1344_1397,0.0076330914
2022_1344_1400,0.13929504
2022_1344_1403,0.089197025
2022_1344_1411,0.9799938
2022_1344_1412,0.9243218
2022_1344_1417,0.020088758
2022_1344_1425,0.70530427
2022_1344_1436,0.576108
2022_1344_1437,0.074334174
2022_1344_1439,0.26846382
2022_1344_1458,0.8832842
2022_1344_1460,0.63673556
2022_1344_1461,0.68897814
2022_1344_1463,0.39650452
2022_1345_1350,0.63635063
2022_1345_1353,0.87454987
2022_1345_1355,0.98589593
2022_1345_1361,0.8463987
2022_1345_1362,0.47649434
2022_1345_1371,0.949144
2022_1345_1388,0.94631946
2022_1345_1389,0.91504985
2022_1345_1394,0.9074012
2022_1345_1395,0.8001125
2022_1345_1397,0.9376334
2022_1345_1400,0.76519847
2022_1345_1403,0.70313704
2022_1345_1411,0.91844386
2022_1345_1412,0.8854671
2022_1345_1417,0.4154324
2022_1345_1425,0.9843539
2022_1345_1436,0.44639823
2022_1345_1437,0.9280251
2022_1345_1439,0.573752
2022_1345_1458,0.9798298
2022_1345_1460,0.917444
2022_1345_1461,0.9776484
2022_1345_1463,0.90304613
2022_1350_1353,0.6054455
2022_1350_1355,0.5211689
2022_1350_1361,0.40605545
2022_1350_1362,0.25131834
2022_1350_1371,0.08152911
2022_1350_1388,0.1667099
2022_1350_1389,0.9304334
2022_1350_1394,0.998929
2022_1350_1395,0.19675395
2022_1350_1397,0.2146906
2022_1350_1400,0.013090047
2022_1350_1403,0.4734103
2022_1350_1411,0.9873639
2022_1350_1412,0.4157424
2022_1350_1417,0.011726327
2022_1350_1425,0.40445256
2022_1350_1436,0.94558287
2022_1350_1437,0.02765005
2022_1350_1439,0.098393396
2022_1350_1458,0.07400781
2022_1350_1460,0.97459024
2022_1350_1461,0.33003682
2022_1350_1463,0.88597065
2022_1353_1355,0.6279447
2022_1353_1361,0.25237572
2022_1353_1362,0.36634898
2022_1353_1371,0.18862724
2022_1353_1388,0.9785137
2022_1353_1389,0.87018335
2022_1353_1394,0.90905285
2022_1353_1395,0.34291035
2022_1353_1397,0.10673119
2022_1353_1400,0.46444768
2022_1353_1403,0.5823051
2022_1353_1411,0.90704787
2022_1353_1412,0.7222175
2022_1353_1417,0.32246846
2022_1353_1425,0.4319894
2022_1353_1436,0.7450461
2022_1353_1437,0.36060935
2022_1353_1439,0.11085974
2022_1353_1458,0.71127176
2022_1353_1460,0.87729967
2022_1353_1461,0.31943572
2022_1353_1463,0.99571615
2022_1355_1361,0.60260105
2022_1355_1362,0.2639782
2022_1355_1371,0.34429485
2022_1355_1388,0.64664954
2022_1355_1389,0.9350882
2022_1355_1394,0.987037
2022_1355_1395,0.21412927
2022_1355_1397,0.11695718
2022_1355_1400,0.23673834
2022_1355_1403,0.07089772
2022_1355_1411,0.9346862
2022_1355_1412,0.31503907
2022_1355_1417,0.020629091
2022_1355_1425,0.53650254
2022_1355_1436,0.46487293
2022_1355_1437,0.15910725
2022_1355_1439,0.22012874
2022_1355_1458,0.705709
2022_1355_1460,0.9416684
2022_1355_1461,0.8927636
2022_1355_1463,0.8817244
2022_1361_1362,0.56695074
2022_1361_1371,0.66405374
2022_1361_1388,0.022666618
2022_1361_1389,0.9415331
2022_1361_1394,0.98964745
2022_1361_1395,0.9096785
2022_1361_1397,0.28883737
2022_1361_1400,0.38821602
2022_1361_1403,0.32706904
2022_1361_1411,0.919399
2022_1361_1412,0.51980454
2022_1361_1417,0.12630045
2022_1361_1425,0.33175084
2022_1361_1436,0.15024981
2022_1361_1437,0.27517527
2022_1361_1439,0.41657773
2022_1361_1458,0.48318517
2022_1361_1460,0.9703361
2022_1361_1461,0.9765954
2022_1361_1463,0.96043575
2022_1362_1371,0.79967946
2022_1362_1388,0.58478665
2022_1362_1389,0.39988428
2022_1362_1394,0.7570337
2022_1362_1395,0.4523602
2022_1362_1397,0.116077945
2022_1362_1400,0.33997098
2022_1362_1403,0.011758133
2022_1362_1411,0.9896847
2022_1362_1412,0.4654007
2022_1362_1417,0.18537922
2022_1362_1425,0.028595936
2022_1362_1436,0.26065674
2022_1362_1437,0.006680833
2022_1362_1439,0.8671611
2022_1362_1458,0.14375576
2022_1362_1460,0.94504815
2022_1362_1461,0.61024827
2022_1362_1463,0.5413023
2022_1371_1388,0.055243574
2022_1371_1389,0.97004056
2022_1371_1394,0.97653055
2022_1371_1395,0.7398418
2022_1371_1397,0.034996603
2022_1371_1400,0.17141026
2022_1371_1403,0.18694721
2022_1371_1411,0.9457545
2022_1371_1412,0.23848191
2022_1371_1417,0.019675795
2022_1371_1425,0.15902215
2022_1371_1436,0.8031049
2022_1371_1437,0.0516096
2022_1371_1439,0.41526422
2022_1371_1458,0.2604999
2022_1371_1460,0.85750926
2022_1371_1461,0.7694674
2022_1371_1463,0.79657847
2022_1388_1389,0.9034125
2022_1388_1394,0.82055795
2022_1388_1395,0.783092
2022_1388_1397,0.02790384
2022_1388_1400,0.89993435
2022_1388_1403,0.12365495
2022_1388_1411,0.9601786
2022_1388_1412,0.20619568
2022_1388_1417,0.008712326
2022_1388_1425,0.56785995
2022_1388_1436,0.7600297
2022_1388_1437,0.002979483
2022_1388_1439,0.6356762
2022_1388_1458,0.74415755
2022_1388_1460,0.959475
2022_1388_1461,0.90342736
2022_1388_1463,0.5654732
2022_1389_1394,0.9961792
2022_1389_1395,0.036011726
2022_1389_1397,0.090547204
2022_1389_1400,0.04533039
2022_1389_1403,0.021796204
2022_1389_1411,0.85320723
2022_1389_1412,0.11126923
2022_1389_1417,0.07674226
2022_1389_1425,0.049924366
2022_1389_1436,0.12910822
2022_1389_1437,0.037589416
2022_1389_1439,0.068118766
2022_1389_1458,0.048095662
2022_1389_1460,0.73701704
2022_1389_1461,0.029323582
2022_1389_1463,0.87479186
2022_1394_1395,0.0044224435
2022_1394_1397,0.12501338
2022_1394_1400,0.014174279
2022_1394_1403,0.022314994
2022_1394_1411,0.016830806
2022_1394_1412,0.10536297
2022_1394_1417,0.18569112
2022_1394_1425,0.08662744
2022_1394_1436,0.011422921
2022_1394_1437,0.15498574
2022_1394_1439,0.007158417
2022_1394_1458,0.06593117
2022_1394_1460,0.001050732
2022_1394_1461,0.008111035
2022_1394_1463,0.083130196
2022_1395_1397,0.1581524
2022_1395_1400,0.04063464
2022_1395_1403,0.11200502
2022_1395_1411,0.9736986
2022_1395_1412,0.85523117
2022_1395_1417,0.40762872
2022_1395_1425,0.19778384
2022_1395_1436,0.80985695
2022_1395_1437,0.1721038
2022_1395_1439,0.09662629
2022_1395_1458,0.68348277
2022_1395_1460,0.99760264
2022_1395_1461,0.5939426
2022_1395_1463,0.9963372
2022_1397_1400,0.831537
2022_1397_1403,0.7964718
2022_1397_1411,0.905066
2022_1397_1412,0.7077173
2022_1397_1417,0.2740221
2022_1397_1425,0.94690776
2022_1397_1436,0.32086048
2022_1397_1437,0.7136535
2022_1397_1439,0.91035134
2022_1397_1458,0.96990037
2022_1397_1460,0.9062617
2022_1397_1461,0.97351056
2022_1397_1463,0.9117904
2022_1400_1403,0.11365944
2022_1400_1411,0.98325247
2022_1400_1412,0.36848933
2022_1400_1417,0.039833628
2022_1400_1425,0.4184934
2022_1400_1436,0.93394953
2022_1400_1437,0.02734532
2022_1400_1439,0.42686188
2022_1400_1458,0.026316307
2022_1400_1460,0.985265
2022_1400_1461,0.8716662
2022_1400_1463,0.98197675
2022_1403_1411,0.98459756
2022_1403_1412,0.9766383
2022_1403_1417,0.21130034
2022_1403_1425,0.76815766
2022_1403_1436,0.035030693
2022_1403_1437,0.22920303
2022_1403_1439,0.7391395
2022_1403_1458,0.8241131
2022_1403_1460,0.98621696
2022_1403_1461,0.9776937
2022_1403_1463,0.97476244
2022_1411_1412,0.046317343
2022_1411_1417,0.068463296
2022_1411_1425,0.05506314
2022_1411_1436,0.18009372
2022_1411_1437,0.052908435
2022_1411_1439,0.06027143
2022_1411_1458,0.017794916
2022_1411_1460,0.10853656
2022_1411_1461,0.17233263
2022_1411_1463,0.31993517
2022_1412_1417,0.0019509905
2022_1412_1425,0.2738011
2022_1412_1436,0.35948455
2022_1412_1437,0.526879
2022_1412_1439,0.6968294
2022_1412_1458,0.5956651
2022_1412_1460,0.8653922
2022_1412_1461,0.8429949
2022_1412_1463,0.69639695
2022_1417_1425,0.86873925
2022_1417_1436,0.46468228
2022_1417_1437,0.87501127
2022_1417_1439,0.95180404
2022_1417_1458,0.9909572
2022_1417_1460,0.91957957
2022_1417_1461,0.9910053
2022_1417_1463,0.88485855
2022_1425_1436,0.34529746
2022_1425_1437,0.040458295
2022_1425_1439,0.9180367
2022_1425_1458,0.4320272
2022_1425_1460,0.40704718
2022_1425_1461,0.68529207
2022_1425_1463,0.8593937
2022_1436_1437,0.26580724
2022_1436_1439,0.0463645
2022_1436_1458,0.24879672
2022_1436_1460,0.8902992
2022_1436_1461,0.3998605
2022_1436_1463,0.84252924
2022_1437_1439,0.9052321
2022_1437_1458,0.99721646
2022_1437_1460,0.8957494
2022_1437_1461,0.9732177
2022_1437_1463,0.9181357
2022_1439_1458,0.20063618
2022_1439_1460,0.9710414
2022_1439_1461,0.96588045
2022_1439_1463,0.9836205
2022_1458_1460,0.9721312
2022_1458_1461,0.3339898
2022_1458_1463,0.9287407
2022_1460_1461,0.31971782
2022_1460_1463,0.51667523
2022_1461_1463,0.9852428
